id,name,annual_precip_mm,diurnal_range_c,mean_temp_c,rh_pct,wind_ms,uv_index,solar_mj_m2_day,elevation_m,terrain_roughness_m,remoteness_km
atacama,Atacama Desert (Yungay),7.305,14.76,17.07,44.21,3.04,2.57,25.84,1180.0,245.4339308245704,63.77755402375862
haughton,Haughton Impact Crater,321.42,4.97,-14.71,94.54,4.2,0.32,8.39,172.0,92.72069024764646,1716.1238725780383
death_valley,Death Valley (Badwater),120.5325,14.65,19.16,29.22,2.98,1.48,20.5,-86.0,648.0991726580122,75.13736686332862
mcmurdo,McMurdo Dry Valleys,80.355,5.63,-27.2,78.88,7.01,0.56,10.86,966.0,403.8511686252746,3469.440596217151
mauna_kea,Mauna Kea Lava Fields,1493.8725,5.28,20.93,81.75,4.85,1.98,19.09,4169.0,815.6472041268822,40.93069457139577
kilauea,Kilauea Active Lava,2081.925,3.77,21.32,82.95,5.01,1.98,19.09,1237.0,844.6935879950788,40.291136179929694
devon_island,Devon Island Polar Desert,336.03000000000003,5.13,-14.91,94.32,4.33,0.35,9.03,437.0,62.91637624657034,1736.9871030891409
askja,Askja Caldera Iceland,865.6425,4.1,-2.89,94.11,6.28,0.43,8.97,1105.0,161.72297301249444,93.84117857790764
rio_tinto,Rio Tinto Acid River,456.5625,13.52,18.14,62.12,3.6,1.23,18.08,315.0,168.83817577787318,48.42549603850681
dallol,Dallol Hydrothermal,507.6975,11.85,25.88,47.52,3.47,2.1,21.44,-93.0,305.1829195744743,51.025375154490085
qaidam,Qaidam Basin,73.05,13.21,6.59,30.18,4.32,1.48,19.28,2680.0,20.76550986612176,65.3558481485549
namib,Namib Desert Sossusvlei,54.7875,14.5,20.96,45.45,4.06,2.23,23.93,716.0,115.4095732597604,209.94161674198816
lanzarote,Lanzarote Timanfaya,124.185,2.37,20.18,78.1,6.45,1.5,18.66,292.0,99.15523183372623,4.833939803072449
erta_ale,Erta Ale Lava Lake,328.725,12.53,33.6,38.27,3.75,2.14,21.58,530.0,141.6356226378096,38.91988588589168
wadi_rum,Wadi Rum Desert,40.1775,16.18,18.18,41.97,3.91,1.78,22.5,1044.0,186.0430057809215,38.06937867958253
sahara,Sahara Great Ergs,25.567500000000003,15.85,27.24,19.85,4.7,1.76,22.19,319.0,25.30941326858448,142.7972481373864
uyuni,Salar de Uyuni,321.42,16.67,7.52,42.41,2.84,2.4,20.28,3654.0,6.499969230696404,201.52952097002557
tabernas,Tabernas Desert,241.065,9.73,16.33,62.03,3.75,1.26,17.98,544.0,414.1109532480396,15.802206366810182
nordlingen,Nordlingen Ries Crater,756.0675,8.98,8.85,81.29,3.96,0.7,11.73,431.0,57.06627725723836,0.8393087952342113
kamchatka,Kamchatka Volcanoes,1241.85,4.8,1.51,86.86,4.96,0.52,9.93,0.0,154.7528403616554,138.06073502961692
svalbard,Svalbard Arctic,683.0175,3.87,-5.95,93.07,4.52,0.26,7.43,184.0,217.6132348916306,2.8053793997051715
pilbara,Pilbara Craton,394.47,15.57,27.42,40.84,4.41,2.29,23.02,154.0,53.10810107695436,86.55406573855946
rub_al_khali,Rub al Khali,14.61,14.33,29.14,23.96,3.89,1.99,23.25,280.0,11.988928225658873,424.7047316103814
ojos_del_salado,Ojos del Salado,219.15,14.2,-2.75,36.54,5.42,2.56,24.41,5646.0,468.4794979505506,157.82300504079922
deception_island,Deception Island,1106.7075,2.07,-1.79,89.51,8.04,0.59,8.28,102.0,47.633500816127295,1001.3615495741526
barringer,Barringer Meteor Crater,423.69,14.47,11.41,47.7,3.9,1.63,20.3,1694.0,159.9599949987496,63.21031356306035
craters_moon,Craters of the Moon,412.73249999999996,12.34,5.73,59.68,3.36,1.14,16.39,1775.0,292.1307926254951,109.0751002360872
yellowstone,Yellowstone Caldera,810.855,11.77,0.15,79.64,2.61,1.09,14.97,2361.0,108.65652304394798,121.13632276704811
lake_natron,Lake Natron,602.6625,13.18,24.01,57.23,3.42,2.36,21.2,601.0,431.1127852430266,105.6361902251618
qaidam_north,Qaidam North Salt Flats,32.8725,13.01,4.01,31.43,3.97,1.41,19.34,2736.0,101.20169168546542,211.42603159228003
simpson_desert,Simpson Desert,259.3275,15.16,24.12,34.03,4.39,2.52,23.23,170.0,13.1057239403247,318.71113181664833
gobi_desert,Gobi Desert,80.355,13.54,8.09,34.93,4.1,1.08,17.55,1145.0,53.478160028183474,166.10235661545778
danakil,Danakil Depression,507.6975,11.85,25.88,47.52,3.47,2.1,21.44,16.0,359.0436185200901,57.49975381930826
iceland_highlands,Iceland Highlands,945.9975,4.34,-2.95,94.85,6.16,0.54,10.74,756.0,105.42409591739452,87.22005910871886
axel_heiberg,Axel Heiberg Island,299.505,4.13,-18.22,93.03,2.67,0.32,9.14,11.0,436.5338823046843,1988.6487793084943
lake_vostok,Lake Vostok Surface,18.2625,5.49,-52.42,88.88,5.78,0.74,12.42,3525.0,2.0396078054371136,3437.901492503566
mount_erebus,Mount Erebus,160.71,4.41,-19.42,84.24,4.76,0.54,10.46,2921.0,898.5636093232353,3458.600303618073
richat,Richat Structure,69.3975,14.55,26.07,24.61,4.62,1.92,22.55,398.0,79.68638528632103,182.92294085960532
rann_kutch,Rann of Kutch Salt Desert,423.69,14.26,27.64,47.87,4.44,1.68,19.6,3.0,35.27501098511523,43.46001753223593
nullarbor,Nullarbor Plain,237.4125,14.64,18.52,56.14,5.2,1.77,20.09,159.0,6.456500600170344,670.9942219259505
