id,name,country,lat,lon,type,aridity_index,annual_precip_mm,diurnal_range_c,mean_temp_c,rh_pct,wind_ms,uv_index,solar_mj_m2_day,elevation_m,terrain_roughness_m,remoteness_km,eonet_wildfires,eonet_volcanoes,thermal_events,asi_mars,asi_moon,cluster
atacama,Atacama Desert (Yungay),Chile,-24.0,-69.9,desert,0.2698559290727743,7.305,14.76,17.07,44.21,3.04,2.57,25.84,1180.0,245.4339308245704,63.77755402375862,0,2,2,75.5,39.65,0
haughton,Haughton Impact Crater,Canada,75.4,-89.7,crater,321.42,321.42,4.97,-14.71,94.54,4.2,0.32,8.39,172.0,92.72069024764646,1716.1238725780383,0,0,0,44.51,17.49,1
death_valley,Death Valley (Badwater),USA,36.25,-116.82,desert,4.133487654320987,120.5325,14.65,19.16,29.22,2.98,1.48,20.5,-86.0,648.0991726580122,75.13736686332862,13,0,13,75.99,39.92,0
mcmurdo,McMurdo Dry Valleys,Antarctica,-77.5,162.0,polar,80.355,80.355,5.63,-27.2,78.88,7.01,0.56,10.86,966.0,403.8511686252746,3469.440596217151,0,0,0,64.79,25.56,1
mauna_kea,Mauna Kea Lava Fields,USA,19.82,-155.47,volcanic,48.29849660523763,1493.8725,5.28,20.93,81.75,4.85,1.98,19.09,4169.0,815.6472041268822,40.93069457139577,0,5,5,0.95,0.38,0
kilauea,Kilauea Active Lava,USA,19.42,-155.29,volcanic,66.47270114942529,2081.925,3.77,21.32,82.95,5.01,1.98,19.09,1237.0,844.6935879950788,40.291136179929694,0,5,5,0.93,0.35,0
devon_island,Devon Island Polar Desert,Canada,75.2,-88.0,polar,336.03000000000003,336.03000000000003,5.13,-14.91,94.32,4.33,0.35,9.03,437.0,62.91637624657034,1736.9871030891409,0,0,0,44.61,17.65,1
askja,Askja Caldera Iceland,Iceland,65.05,-16.75,volcanic,121.75000000000001,865.6425,4.1,-2.89,94.11,6.28,0.43,8.97,1105.0,161.72297301249444,93.84117857790764,0,8,8,27.22,10.19,0
rio_tinto,Rio Tinto Acid River,Spain,37.7,-6.5,hydrothermal,16.22468017057569,456.5625,13.52,18.14,62.12,3.6,1.23,18.08,315.0,168.83817577787318,48.42549603850681,1,0,1,58.23,29.86,0
dallol,Dallol Hydrothermal,Ethiopia,14.24,40.3,hydrothermal,14.149874581939802,507.6975,11.85,25.88,47.52,3.47,2.1,21.44,-93.0,305.1829195744743,51.025375154490085,0,4,4,59.14,29.63,0
qaidam,Qaidam Basin,China,37.0,95.0,desert,4.403254972875226,73.05,13.21,6.59,30.18,4.32,1.48,19.28,2680.0,20.76550986612176,65.3558481485549,0,0,0,79.23,39.85,0
namib,Namib Desert Sossusvlei,Namibia,-24.7,15.3,desert,1.7696220930232558,54.7875,14.5,20.96,45.45,4.06,2.23,23.93,716.0,115.4095732597604,209.94161674198816,5,0,5,73.68,38.37,0
lanzarote,Lanzarote Timanfaya,Spain,29.0,-13.76,volcanic,4.114811133200796,124.185,2.37,20.18,78.1,6.45,1.5,18.66,292.0,99.15523183372623,4.833939803072449,0,1,1,59.27,19.7,0
erta_ale,Erta Ale Lava Lake,Ethiopia,13.6,40.67,volcanic,7.539564220183487,328.725,12.53,33.6,38.27,3.75,2.14,21.58,530.0,141.6356226378096,38.91988588589168,0,4,4,65.82,33.63,0
wadi_rum,Wadi Rum Desert,Jordan,29.5,35.4,desert,1.4257452093683465,40.1775,16.18,18.18,41.97,3.91,1.78,22.5,1044.0,186.0430057809215,38.06937867958253,0,0,0,75.49,40.29,0
sahara,Sahara Great Ergs,Algeria,26.0,3.0,desert,0.68656015037594,25.567500000000003,15.85,27.24,19.85,4.7,1.76,22.19,319.0,25.30941326858448,142.7972481373864,0,0,0,79.38,42.28,0
uyuni,Salar de Uyuni,Bolivia,-20.1,-67.6,salt_flat,18.345890410958905,321.42,16.67,7.52,42.41,2.84,2.4,20.28,3654.0,6.499969230696404,201.52952097002557,0,2,2,69.18,37.17,0
tabernas,Tabernas Desert,Spain,37.05,-2.35,desert,9.155526015951386,241.065,9.73,16.33,62.03,3.75,1.26,17.98,544.0,414.1109532480396,15.802206366810182,1,0,1,64.44,30.47,0
nordlingen,Nordlingen Ries Crater,Germany,48.85,10.5,crater,40.10968169761273,756.0675,8.98,8.85,81.29,3.96,0.7,11.73,431.0,57.06627725723836,0.8393087952342113,1,0,1,40.4,18.6,0
kamchatka,Kamchatka Volcanoes,Russia,54.0,160.0,volcanic,107.89313640312771,1241.85,4.8,1.51,86.86,4.96,0.52,9.93,0.0,154.7528403616554,138.06073502961692,0,49,49,0.92,0.36,0
svalbard,Svalbard Arctic,Norway,78.2,15.6,polar,168.64629629629633,683.0175,3.87,-5.95,93.07,4.52,0.26,7.43,184.0,217.6132348916306,2.8053793997051715,0,0,0,36.65,13.57,0
pilbara,Pilbara Craton,Australia,-21.0,119.0,desert,10.541688936397648,394.47,15.57,27.42,40.84,4.41,2.29,23.02,154.0,53.10810107695436,86.55406573855946,2,0,2,64.66,34.37,0
rub_al_khali,Rub al Khali,Saudi Arabia,20.0,50.0,desert,0.37327542156361776,14.61,14.33,29.14,23.96,3.89,1.99,23.25,280.0,11.988928225658873,424.7047316103814,0,0,0,78.1,40.94,0
ojos_del_salado,Ojos del Salado,Chile,-27.1,-68.5,volcanic,30.227586206896554,219.15,14.2,-2.75,36.54,5.42,2.56,24.41,5646.0,468.4794979505506,157.82300504079922,0,2,2,75.2,38.06,0
deception_island,Deception Island,Antarctica,-62.9,-60.6,volcanic,134.79993909866016,1106.7075,2.07,-1.79,89.51,8.04,0.59,8.28,102.0,47.633500816127295,1001.3615495741526,0,0,0,0.88,0.28,0
barringer,Barringer Meteor Crater,USA,35.0,-111.0,crater,19.789350770667912,423.69,14.47,11.41,47.7,3.9,1.63,20.3,1694.0,159.9599949987496,63.21031356306035,14,0,14,64.23,33.22,0
craters_moon,Craters of the Moon,USA,43.42,-113.56,volcanic,26.238556897647804,412.73249999999996,12.34,5.73,59.68,3.36,1.14,16.39,1775.0,292.1307926254951,109.0751002360872,42,0,42,61.75,30.75,0
yellowstone,Yellowstone Caldera,USA,44.4,-110.5,hydrothermal,79.8871921182266,810.855,11.77,0.15,79.64,2.61,1.09,14.97,2361.0,108.65652304394798,121.13632276704811,34,0,34,38.6,19.05,0
lake_natron,Lake Natron,Tanzania,-2.4,36.0,hydrothermal,17.720155836518668,602.6625,13.18,24.01,57.23,3.42,2.36,21.2,601.0,431.1127852430266,105.6361902251618,3,0,3,53.54,27.47,0
qaidam_north,Qaidam North Salt Flats,China,38.5,93.5,salt_flat,2.3463597430406855,32.8725,13.01,4.01,31.43,3.97,1.41,19.34,2736.0,101.20169168546542,211.42603159228003,0,0,0,80.22,40.24,0
simpson_desert,Simpson Desert,Australia,-24.0,137.0,desert,7.6004542790152385,259.3275,15.16,24.12,34.03,4.39,2.52,23.23,170.0,13.1057239403247,318.71113181664833,6,0,6,70.74,37.25,0
gobi_desert,Gobi Desert,Mongolia,42.5,103.0,desert,4.44195688225539,80.355,13.54,8.09,34.93,4.1,1.08,17.55,1145.0,53.478160028183474,166.10235661545778,0,0,0,77.68,39.4,0
danakil,Danakil Depression,Ethiopia,14.2,40.2,hydrothermal,14.149874581939802,507.6975,11.85,25.88,47.52,3.47,2.1,21.44,16.0,359.0436185200901,57.49975381930826,0,4,4,59.14,29.63,0
iceland_highlands,Iceland Highlands,Iceland,64.9,-18.0,volcanic,134.1840425531915,945.9975,4.34,-2.95,94.85,6.16,0.54,10.74,756.0,105.42409591739452,87.22005910871886,0,8,8,20.17,7.66,0
axel_heiberg,Axel Heiberg Island,Canada,79.4,-90.7,polar,299.505,299.505,4.13,-18.22,93.03,2.67,0.32,9.14,11.0,436.5338823046843,1988.6487793084943,0,0,0,47.13,17.87,1
lake_vostok,Lake Vostok Surface,Antarctica,-77.3,104.9,polar,18.2625,18.2625,5.49,-52.42,88.88,5.78,0.74,12.42,3525.0,2.0396078054371136,3437.901492503566,0,0,0,60.14,22.25,1
mount_erebus,Mount Erebus,Antarctica,-77.5,167.1,volcanic,160.71,160.71,4.41,-19.42,84.24,4.76,0.54,10.46,2921.0,898.5636093232353,3458.600303618073,0,0,0,59.12,22.43,1
richat,Richat Structure,Mauritania,21.1,-11.4,crater,1.923967285833102,69.3975,14.55,26.07,24.61,4.62,1.92,22.55,398.0,79.68638528632103,182.92294085960532,0,0,0,77.45,40.4,0
rann_kutch,Rann of Kutch Salt Desert,India,23.8,70.3,salt_flat,11.256376195536664,423.69,14.26,27.64,47.87,4.44,1.68,19.6,3.0,35.27501098511523,43.46001753223593,0,0,0,62.01,32.29,0
nullarbor,Nullarbor Plain,Australia,-30.9,128.5,desert,8.324421458625526,237.4125,14.64,18.52,56.14,5.2,1.77,20.09,159.0,6.456500600170344,670.9942219259505,0,0,0,66.67,34.48,0
