id,name,country,lat,lon,type,mean_temp_c,diurnal_range_c,rh_pct,precip_mm_day,wind_ms,solar_mj_m2_day,uv_index,dewpoint_c,cloud_pct,elevation_m,terrain_roughness_m,terrain_relief_m,soil_clay_pct,soil_sand_pct,soil_silt_pct,soil_ph,soil_soc_dg_kg,eonet_wildfires,eonet_volcanoes,thermal_events,remoteness_km
atacama,Atacama Desert (Yungay),Chile,-24.0,-69.9,desert,17.07,14.76,44.21,0.02,3.04,25.84,2.57,2.27,17.89,1180.0,245.43393082457038,1018.0,15.4,55.5,29.1,8.2,27.5,0,2,2,63.77755402375862
haughton,Haughton Impact Crater,Canada,75.4,-89.7,crater,-14.71,4.97,94.54,0.88,4.2,8.39,0.32,-15.48,60.53,172.0,92.72069024764646,339.0,25.6,32.9,41.5,6.4,154.2,0,0,0,1716.1238725780383
death_valley,Death Valley (Badwater),USA,36.25,-116.82,desert,19.16,14.65,29.22,0.33,2.98,20.5,1.48,-2.19,33.74,-86.0,648.0991726580122,1923.0,30.3,39.4,30.4,8.6,27.1,13,0,13,75.13736686332862
mcmurdo,McMurdo Dry Valleys,Antarctica,-77.5,162.0,polar,-27.2,5.63,78.88,0.22,7.01,10.86,0.56,-30.87,59.12,966.0,403.8511686252746,1488.0,,,,,,0,0,0,3469.440596217151
mauna_kea,Mauna Kea Lava Fields,USA,19.82,-155.47,volcanic,20.93,5.28,81.75,4.09,4.85,19.09,1.98,17.48,54.7,4169.0,815.6472041268822,4169.0,23.0,48.2,28.7,6.6,77.5,0,5,5,40.93069457139577
kilauea,Kilauea Active Lava,USA,19.42,-155.29,volcanic,21.32,3.77,82.95,5.7,5.01,19.09,1.98,18.11,54.7,1237.0,844.6935879950788,3249.0,35.3,35.1,29.5,5.8,56.4,0,5,5,40.291136179929694
devon_island,Devon Island Polar Desert,Canada,75.2,-88.0,polar,-14.91,5.13,94.32,0.92,4.33,9.03,0.35,-15.73,61.93,437.0,62.91637624657034,236.0,26.2,38.2,35.5,6.4,109.9,0,0,0,1736.9871030891409
askja,Askja Caldera Iceland,Iceland,65.05,-16.75,volcanic,-2.89,4.1,94.11,2.37,6.28,8.97,0.43,-3.93,80.84,1105.0,161.72297301249444,707.0,13.2,50.7,36.1,5.8,210.0,0,8,8,93.84117857790763
rio_tinto,Rio Tinto Acid River,Spain,37.7,-6.5,hydrothermal,18.14,13.52,62.12,1.25,3.6,18.08,1.23,8.66,38.47,315.0,168.83817577787318,703.0,16.4,43.0,40.6,6.5,37.8,1,0,1,48.42549603850681
dallol,Dallol Hydrothermal,Ethiopia,14.24,40.3,hydrothermal,25.88,11.85,47.52,1.39,3.47,21.44,2.1,12.31,41.23,-93.0,305.1829195744743,957.0,27.1,39.6,33.3,7.7,20.4,0,4,4,51.025375154490085
qaidam,Qaidam Basin,China,37.0,95.0,desert,6.59,13.21,30.18,0.2,4.32,19.28,1.48,-10.67,57.16,2680.0,20.765509866121757,80.0,19.7,45.3,35.0,8.1,7.2,0,0,0,65.3558481485549
namib,Namib Desert Sossusvlei,Namibia,-24.7,15.3,desert,20.96,14.5,45.45,0.15,4.06,23.93,2.23,6.27,19.69,716.0,115.40957325976039,396.0,8.7,77.5,13.9,8.5,8.2,5,0,5,209.94161674198818
lanzarote,Lanzarote Timanfaya,Spain,29.0,-13.76,volcanic,20.18,2.37,78.1,0.34,6.45,18.66,1.5,16.18,53.59,292.0,99.15523183372625,319.0,25.4,43.6,31.0,7.7,24.3,0,1,1,4.833939803072449
erta_ale,Erta Ale Lava Lake,Ethiopia,13.6,40.67,volcanic,33.6,12.53,38.27,0.9,3.75,21.58,2.14,15.75,47.4,530.0,141.6356226378096,629.0,17.1,47.6,35.3,7.4,18.7,0,4,4,38.91988588589168
wadi_rum,Wadi Rum Desert,Jordan,29.5,35.4,desert,18.18,16.18,41.97,0.11,3.91,22.5,1.78,1.96,20.96,1044.0,186.0430057809215,636.0,29.1,24.9,46.0,7.8,6.1,0,0,0,38.06937867958253
sahara,Sahara Great Ergs,Algeria,26.0,3.0,desert,27.24,15.85,19.85,0.07,4.7,22.19,1.76,-0.44,24.0,319.0,25.30941326858448,109.0,26.7,52.4,20.9,8.3,3.6,0,0,0,142.7972481373864
uyuni,Salar de Uyuni,Bolivia,-20.1,-67.6,salt_flat,7.52,16.67,42.41,0.88,2.84,20.28,2.4,-6.76,45.64,3654.0,6.499969230696404,33.0,20.8,57.6,21.6,7.9,36.1,0,2,2,201.52952097002554
tabernas,Tabernas Desert,Spain,37.05,-2.35,desert,16.33,9.73,62.03,0.66,3.75,17.98,1.26,7.52,44.28,544.0,414.1109532480396,1509.0,22.5,40.4,37.0,7.7,17.8,1,0,1,15.802206366810182
nordlingen,Nordlingen Ries Crater,Germany,48.85,10.5,crater,8.85,8.98,81.29,2.07,3.96,11.73,0.7,5.35,70.83,431.0,57.066277257238355,238.0,,,,,,1,0,1,0.8393087952342113
kamchatka,Kamchatka Volcanoes,Russia,54.0,160.0,volcanic,1.51,4.8,86.86,3.4,4.96,9.93,0.52,-0.76,76.32,0.0,154.7528403616554,675.0,,,,,,0,49,49,138.06073502961692
svalbard,Svalbard Arctic,Norway,78.2,15.6,polar,-5.95,3.87,93.07,1.87,4.52,7.43,0.26,-7.05,75.68,184.0,217.6132348916306,629.0,14.5,40.4,45.1,6.1,222.5,0,0,0,2.8053793997051715
pilbara,Pilbara Craton,Australia,-21.0,119.0,desert,27.42,15.57,40.84,1.08,4.41,23.02,2.29,10.1,31.03,154.0,53.108101076954355,224.0,25.4,61.4,13.2,7.9,9.1,2,0,2,86.55406573855946
rub_al_khali,Rub al Khali,Saudi Arabia,20.0,50.0,desert,29.14,14.33,23.96,0.04,3.89,23.25,1.99,3.93,13.82,280.0,11.988928225658873,51.0,12.0,50.4,37.7,8.0,4.8,0,0,0,424.7047316103814
ojos_del_salado,Ojos del Salado,Chile,-27.1,-68.5,volcanic,-2.75,14.2,36.54,0.6,5.42,24.41,2.56,-17.54,41.45,5646.0,468.4794979505506,1650.0,16.9,56.9,26.2,7.8,34.7,0,2,2,157.82300504079922
deception_island,Deception Island,Antarctica,-62.9,-60.6,volcanic,-1.79,2.07,89.51,3.03,8.04,8.28,0.59,-3.42,88.66,102.0,47.633500816127295,213.0,,,,,,0,0,0,1001.3615495741526
barringer,Barringer Meteor Crater,USA,35.0,-111.0,crater,11.41,14.47,47.7,1.16,3.9,20.3,1.63,-1.42,40.42,1694.0,159.9599949987496,621.0,16.5,53.1,30.3,7.8,7.9,14,0,14,63.21031356306035
craters_moon,Craters of the Moon,USA,43.42,-113.56,volcanic,5.73,12.34,59.68,1.13,3.36,16.39,1.14,-3.67,53.16,1775.0,292.1307926254951,1061.0,16.3,41.6,42.1,6.5,35.5,42,0,42,109.07510023608721
yellowstone,Yellowstone Caldera,USA,44.4,-110.5,hydrothermal,0.15,11.77,79.64,2.22,2.61,14.97,1.09,-4.25,64.14,2361.0,108.65652304394798,409.0,12.6,42.0,45.5,5.7,49.2,34,0,34,121.13632276704811
lake_natron,Lake Natron,Tanzania,-2.4,36.0,hydrothermal,24.01,13.18,57.23,1.65,3.42,21.2,2.36,13.74,50.05,601.0,431.1127852430266,1996.0,,,,,,3,0,3,105.63619022516181
qaidam_north,Qaidam North Salt Flats,China,38.5,93.5,salt_flat,4.01,13.01,31.43,0.09,3.97,19.34,1.41,-12.76,54.15,2736.0,101.20169168546542,459.0,21.8,46.6,31.6,8.4,10.2,0,0,0,211.42603159228005
simpson_desert,Simpson Desert,Australia,-24.0,137.0,desert,24.12,15.16,34.03,0.71,4.39,23.23,2.52,4.91,29.17,170.0,13.105723940324701,56.0,22.7,64.4,12.9,8.2,9.0,6,0,6,318.71113181664833
gobi_desert,Gobi Desert,Mongolia,42.5,103.0,desert,8.09,13.54,34.93,0.22,4.1,17.55,1.08,-8.45,48.14,1145.0,53.478160028183474,182.0,27.0,38.7,34.4,8.0,9.4,0,0,0,166.10235661545778
danakil,Danakil Depression,Ethiopia,14.2,40.2,hydrothermal,25.88,11.85,47.52,1.39,3.47,21.44,2.1,12.31,41.23,16.0,359.04361852009015,977.0,22.0,46.9,31.1,7.4,13.3,0,4,4,57.49975381930826
iceland_highlands,Iceland Highlands,Iceland,64.9,-18.0,volcanic,-2.95,4.34,94.85,2.59,6.16,10.74,0.54,-3.9,80.17,756.0,105.42409591739452,505.0,,,,,,0,8,8,87.22005910871886
axel_heiberg,Axel Heiberg Island,Canada,79.4,-90.7,polar,-18.22,4.13,93.03,0.82,2.67,9.14,0.32,-19.19,49.57,11.0,436.5338823046843,1604.0,22.5,32.9,44.5,6.6,145.5,0,0,0,1988.6487793084946
lake_vostok,Lake Vostok Surface,Antarctica,-77.3,104.9,polar,-52.42,5.49,88.88,0.05,5.78,12.42,0.74,-51.74,22.35,3525.0,2.0396078054371136,7.0,,,,,,0,0,0,3437.901492503566
mount_erebus,Mount Erebus,Antarctica,-77.5,167.1,volcanic,-19.42,4.41,84.24,0.44,4.76,10.46,0.54,-21.62,67.21,2921.0,898.5636093232353,3020.0,,,,,,0,0,0,3458.600303618073
richat,Richat Structure,Mauritania,21.1,-11.4,crater,26.07,14.55,24.61,0.19,4.62,22.55,1.92,2.32,30.64,398.0,79.68638528632103,253.0,22.7,53.5,23.9,8.1,4.5,0,0,0,182.92294085960535
rann_kutch,Rann of Kutch Salt Desert,India,23.8,70.3,salt_flat,27.64,14.26,47.87,1.16,4.44,19.6,1.68,12.92,33.76,3.0,35.27501098511523,178.0,,,,,,0,0,0,43.46001753223593
nullarbor,Nullarbor Plain,Australia,-30.9,128.5,desert,18.52,14.64,56.14,0.65,5.2,20.09,1.77,7.71,38.11,159.0,6.456500600170344,22.0,23.5,63.6,13.0,7.9,50.1,0,0,0,670.9942219259505
